{
  "stage": 1,
  "n_episodes": 50,
  "success_rate": 86.0,
  "collision_rate": 0.0,
  "mean_reward": 148.49280767299413,
  "std_reward": 100.5818025124486,
  "min_reward": -149.95,
  "max_reward": 207.73875798469783,
  "mean_length": 236.98,
  "std_length": 338.6762164664062,
  "mean_progress": 88.60051751209119,
  "mean_red_light_violations": 0.0,
  "total_red_light_violations": 0
}