{
  "stage": 1,
  "n_episodes": 100,
  "success_rate": 89.0,
  "collision_rate": 0.0,
  "mean_reward": 170.26846845391552,
  "std_reward": 89.12229721240944,
  "min_reward": -149.93,
  "max_reward": 226.6414140714556,
  "mean_length": 210.79,
  "std_length": 202.7109417372432,
  "mean_progress": 90.35573074854847,
  "mean_red_light_violations": 0.0,
  "total_red_light_violations": 0
}